{
    "name": "ACEScg",
    "primaries": {
        "R": [0.7070, 0.2930],
        "G": [0.1650, 0.8300],
        "B": [0.1280, 0.0440]
    },
    "white_point": [0.32168, 0.33767],
    "gamma": 1.0
}