{
    "name": "FlextightX5_Linear",
    "primaries": {
        "R": [0.661156, 0.338844],
        "G": [0.327541, 0.659541],
        "B": [0.133869, 0.000001]
    },
    "white_point": [0.295601, 0.318501],
    "gamma": 1.0
}