{
    "description": "Scanner calibration matrix and offset vector.",
    "relationship": "D_reference = D_image @ M + g",
    "M_matrix": [
        [
            8.922805287969323,
            8.192920994311827,
            6.633678326668288
        ],
        [
            -7.667265477266163,
            -6.3806462749595685,
            -4.442448233826183
        ],
        [
            0.25524888706197363,
            -0.229878069060928,
            -0.8012834146454877
        ]
    ],
    "M_normalized": [
        [
            1.0,
            0.9182001321219455,
            0.7434520997126901
        ],
        [
            -0.8592886687333621,
            -0.715094196167503,
            -0.49787573419493586
        ],
        [
            0.0286063495531083,
            -0.025762981667982167,
            -0.0898017370978456
        ]
    ],
    "M11_value": 8.922805287969323,
    "g_vector": [
        -0.5725783320609517,
        -0.6218849757135536,
        -0.6403919342730213
    ],
    "mean_squared_error": 0.4692752229076007
}