{
    "description": "Joint scanner calibration with shared M, shared g, and per-image scalar b_i.",
    "relationship": "D_reference^T = M @ D_image_i^T + b_i * g^T",
    "M_matrix": [
        [
            2.7278742813551236,
            1.4230287887505884,
            -0.48724629628691213
        ],
        [
            -1.8956309461075656,
            5.227348292549445,
            -1.1585392364659801
        ],
        [
            -2.7460302108947188,
            0.8332128498606332,
            2.4937695256314822
        ]
    ],
    "M_normalized": [
        [
            1.0,
            0.5216621596079096,
            -0.17861757765642455
        ],
        [
            -0.6949114037491034,
            1.9162717022108,
            -0.4247040431388406
        ],
        [
            -1.0066557061165502,
            0.30544400654956827,
            0.9141805187564049
        ]
    ],
    "M11_value": 2.7278742813551236,
    "g_vector": [
        -1.4468086270164706,
        -1.7150111370809087,
        -1.7487662777199693
    ],
    "b_scalars_by_image": {
        "PORTRA 800fanpai.tif": 1.0929028887220322
    },
    "mean_squared_error": 0.16973739162980372
}