{
    "description": "Joint scanner calibration with shared M, shared g, and per-image scalar b_i.",
    "relationship": "D_reference^T = M @ D_image_i^T + b_i * g^T",
    "M_matrix": [
        [
            2.2867860720128625,
            0.08470701071841595,
            -0.10380250366886298
        ],
        [
            0.2247396088496531,
            1.9001107793811087,
            -0.11114499361378329
        ],
        [
            0.022148060105566938,
            0.3663420809476573,
            1.4900512215858848
        ]
    ],
    "M_normalized": [
        [
            1.0,
            0.037041947978918556,
            -0.04539231060537924
        ],
        [
            0.09827749591453214,
            0.8309088474150987,
            -0.0486031443754386
        ],
        [
            0.00968523482656683,
            0.16019954180724813,
            0.6515918737751974
        ]
    ],
    "M11_value": 2.2867860720128625,
    "g_vector": [
        -2.8193780099003267,
        -2.830870997228617,
        -3.071082517646899
    ],
    "b_scalars_by_image": {
        "Ultramax-5000ed-Croped-ACEScgLinear.tif": 0.9541344487999888,
        "Ultramax+2EV-5000ed-Croped-ACEScgLinear.tif": 1.1065312638725386,
        "Ultramax-2EV-5000ed-Croped-ACEScgLinear.tif": 0.7762009119269278
    },
    "mean_squared_error": 0.04064147782559397
}