{
    "description": "Joint scanner calibration with shared M, shared g, and per-image scalar b_i.",
    "relationship": "D_reference^T = M @ D_image_i^T + b_i * g^T",
    "M_matrix": [
        [
            3.4664581027022545,
            0.7313688171471728,
            -0.0980479512290846
        ],
        [
            -1.5869979275010848,
            4.938593916272965,
            -0.995916735868451
        ],
        [
            -2.4968441638037184,
            0.5988766160356378,
            2.6256534833320777
        ]
    ],
    "M_normalized": [
        [
            1.0,
            0.2109844675685072,
            -0.0282847645418394
        ],
        [
            -0.45781540710500757,
            1.4246801115014536,
            -0.2873009586044299
        ],
        [
            -0.7202868431778593,
            0.17276326391159538,
            0.7574456132284613
        ]
    ],
    "M11_value": 3.4664581027022545,
    "g_vector": [
        -1.1902517143713651,
        -1.3796622814969202,
        -1.4030954866770418
    ],
    "b_scalars_by_image": {
        "PORTRA 800fanpai.tif": 1.3755986409235161
    },
    "mean_squared_error": 0.13334436421810744
}