{
    "description": "Scanner calibration matrix and offset vector.",
    "relationship": "D_reference = D_image @ M + g",
    "M_matrix": [
        [
            2.4236144522590957,
            0.11788959665748747,
            0.04151446283679801
        ],
        [
            -0.01474368792473386,
            1.9944001854324915,
            0.09187598340808854
        ],
        [
            -0.13002886538248357,
            -0.12766014233078304,
            1.7538219311133778
        ]
    ],
    "M_normalized": [
        [
            1.0,
            0.04864205878439139,
            0.017129153029311908
        ],
        [
            -0.006083347089711814,
            0.8229032400650501,
            0.037908662956869746
        ],
        [
            -0.05365080459116806,
            -0.05267345316074868,
            0.7236389969034093
        ]
    ],
    "M11_value": 2.4236144522590957,
    "g_vector": [
        -2.6785887043410064,
        -2.6787264401224182,
        -2.9959671596521784
    ],
    "mean_squared_error": 0.0023503984533868216
}